FIdKxNdAIMc,0,10,/m/04v5dt
FGwTzYa5RII,10,20,/m/04v5dt
4P518ZMug-U,35,45,/m/04v5dt
4P518ZMug-U,90,100,/m/04v5dt
ELT7dQyWCZU,22,32,/m/04v5dt
UfIOAC-j-2g,5,15,/m/04v5dt
3v0YLrQ8r4M,75,85,/m/04v5dt
kL3H5cI67WY,0,10,/m/04v5dt
YHAbnhEzlw8,0,10,/m/04v5dt
hmRM7FA3ZJ4,12,22,/m/04v5dt
rdbCQvdbVLI,10,20,/m/04v5dt
sqwpGml94Sw,70,80,/m/04v5dt
Sv52nk0IZu8,7,17,/m/04v5dt
mAvQTKzIpY4,0,10,/m/04v5dt
_alLwtEjY80,3,13,/m/04v5dt
il5uywgeC7U,5,15,/m/04v5dt
I-unwO1kolk,130,140,/m/04v5dt
Trbjb9xl2p8,30,40,/m/04v5dt
cPUjGXMKQes,45,55,/m/04v5dt
UfIOAC-j-2g,8,18,/m/04v5dt
aJNiSRqdCco,0,10,/m/04v5dt
Z2PjEcutO2g,35,45,/m/04v5dt
x9x5CVfM5ss,5,15,/m/04v5dt
Izp0Nc380s0,0,10,/m/04v5dt
xLoTCpq8MmA,0,10,/m/04v5dt
#NAME?,310,320,/m/04v5dt
X6xMdMyx4Q8,190,200,/m/04v5dt
07ckQxmU9KM,23,33,/m/04v5dt
Z2PjEcutO2g&t,70,80,/m/04v5dt
Z2PjEcutO2g&t,95,105,/m/04v5dt
Z2PjEcutO2g&t,130,140,/m/04v5dt
Zy1OP60I6lk&t,160,170,/m/04v5dt
uvOxejE7_LQ,7,17,/m/04v5dt
uvOxejE7_LQ,25,35,/m/04v5dt
uvOxejE7_LQ,50,60,/m/04v5dt
uvOxejE7_LQ,65,75,/m/04v5dt
uvOxejE7_LQ,90,100,/m/04v5dt
uvOxejE7_LQ,115,125,/m/04v5dt
uvOxejE7_LQ,131,141,/m/04v5dt
uvOxejE7_LQ,142,152,/m/04v5dt
uvOxejE7_LQ,275,285,/m/04v5dt
uvOxejE7_LQ,340,350,/m/04v5dt
4D2aefIJkqY,0,10,/m/04v5dt
P9UZxX-hYG0,95,105,/m/04v5dt
WHjW18w5wbQ,55,65,/m/04v5dt
z3VJfcu8EBQ,0,10,/m/04v5dt
ZefWWT1huTc,0,10,/m/04v5dt
ZefWWT1huTc,50,60,/m/04v5dt
ZefWWT1huTc,78,88,/m/04v5dt
ZefWWT1huTc,98,108,/m/04v5dt
Syw7G4dmpJw,4,14,/m/04v5dt
8wah0PcYGQ0,9,19,/m/04v5dt
oqJtJU7PoqE,0,10,/m/04v5dt
DUfzVJQmkog,0,10,/m/04v5dt
Xn6SKZeov6s,7,17,/m/04v5dt
qMwfc0jW1Ig,151,161,/m/04v5dt
98t8Oz1X6Nc,24,34,/m/04v5dt
xfpQ9lFWX6A,10,20,/m/04v5dt
mo0dOPYq3gY,111,121,/m/04v5dt
mo0dOPYq3gY,154,164,/m/04v5dt
OsRH97wjjtE,0,10,/m/04v5dt
gZB-5eaXfwg,17,27,/m/04v5dt
_A4tedL3uCw,26,36,/m/04v5dt
PfriI_DDifE,14,24,/m/04v5dt
EcxeVF0mWyI,2,12,/m/04v5dt
KfEB20K_MmE,116,126,/m/04v5dt
fcbIXLhpBvA,30,40,/m/04v5dt
d3rEy5sbb_w,38,48,/m/04v5dt
jCWQ-6wyKuU,34,44,/m/04v5dt
mM2nFR-Mjeo,52,62,/m/04v5dt
albTQvUhPWE,10,20,/m/04v5dt
fruMYQXuFCw,10,20,/m/04v5dt
3luwPY0Xfd0,38,48,/m/04v5dt
_cvucKdFb5I,0,10,/m/04v5dt
LnSJtdQW78c,0,10,/m/04v5dt
sefaJDE1WO0,5,15,/m/04v5dt
nvv_RXF0K1g,109,119,/m/04v5dt
nvv_RXF0K1g,412,422,/m/04v5dt
YDYHBMBSocA,71,81,/m/04v5dt
Wl_66QFXIAw,37,47,/m/04v5dt
8EIiBQhOPCA,7,17,/m/04v5dt
njbt8PPCFPg,13,23,/m/04v5dt
uffwKDmmMS0,5,15,/m/04v5dt
kf4qaxqOQ_A,81,91,/m/04v5dt
f4Gqj709jZo,221,231,/m/04v5dt
turjBWHBeOU,4,14,/m/04v5dt
KIVeYbj-sCI,12,22,/m/04v5dt
68Um9oWr6Fk,49,59,/m/04v5dt
h3-pZ4Etfw8,10,20,/m/04v5dt
omlYsBelCsc,6,16,/m/04v5dt
KQNsnlj6aW0,0,10,/m/04v5dt
TQwCnz23LK0,1,11,/m/04v5dt
HYwaNBbrBGE,26,36,/m/04v5dt
sXNmGTvqalc,18,28,/m/04v5dt
HPKDwSYVZ60,3,13,/m/04v5dt
zjfB25ZLo54,5,15,/m/04v5dt
PAPvInCltD8,0,10,/m/04v5dt
_h-2gkWKoms,130,140,/m/04v5dt
uL2ZkUlHhnA,450,460,/m/04v5dt
fbwM7kU4fMo,22,32,/m/04v5dt
PyGww84D9O0,14,24,/m/04v5dt
H7CvlR2j_Wk,7,17,/m/04v5dt
b3tjvgrY1RA,56,66,/m/04v5dt
pn_7gj-VLmE,22,32,/m/04v5dt
Wve5BTm4rpU,44,54,/m/04v5dt
sTORCHMWGuo,5,15,/m/04v5dt
74UkAQe1aE0,5,15,/m/04v5dt
w6ILMedGdxM,2,12,/m/04v5dt
9Cl5kDmSbHM,16,26,/m/04v5dt
RjcufU7ZAvk,20,30,/m/04v5dt
70LofdgOaEU,12,22,/m/04v5dt
hXGUIkMlCwg,20,30,/m/04v5dt
YeIOgYq1TGk,8,18,/m/04v5dt
OZGxch51BMw,0,10,/m/04v5dt
zUL-24V6AT0,10,20,/m/04v5dt
fQnd4RLtt9A,46,56,/m/04v5dt
vsR-qd1Efgg,48,58,/m/04v5dt
2aQsMbTZFpk,0,10,/m/04v5dt
mzJsh9j2bBI,0,10,/m/04v5dt
dHLyPG_Lwb4,26,36,/m/04v5dt
6yOTk6gfnQo,76,86,/m/04v5dt
QCgKVQmcQwo,15,25,/m/04v5dt
7eYA-fnar8M,34,44,/m/04v5dt
JSZ1mL3OL5Y,0,10,/m/04v5dt
lyrCEPO85U8,0,10,/m/04v5dt
Qu4kFJ6rQYo,92,102,/m/04v5dt
x9uzF3DZS3c,26,36,/m/04v5dt
3disAx4gbJw,10,20,/m/04v5dt
UZbZARI8xwI,27,37,/m/04v5dt
dJpD2aUTDzY,25,35,/m/04v5dt
H4uh1qsNHbA,12,22,/m/04v5dt
FiSh1YgW_uw,0,10,/m/04v5dt
LIbMCzcPeZw,10,20,/m/04v5dt
RJrMGo9-yCY,0,10,/m/04v5dt
oz9bcXz50eI,11,21,/m/04v5dt
6u5fvfbyoS4,16,26,/m/04v5dt
iKoW6dd_Tc4,27,37,/m/04v5dt
5AgVDPPdqBw,18,28,/m/04v5dt
xCXCgLzHWJw,0,10,/m/04v5dt
aMCKO38t4Ng,10,20,/m/04v5dt
scNsvnQ3IQU,10,20,/m/04v5dt
EGlVcm6VL4E,7,17,/m/04v5dt
jJg-BVeN6-Q,8,18,/m/04v5dt
e5WnaM4Xk7o,1,11,/m/04v5dt
3zXjpmOKOOI,44,54,/m/04v5dt
IkQ6e9crikw,2,12,/m/04v5dt
7StPWbbVpLE,7,17,/m/04v5dt
XB5rmnHWdO4,30,40,/m/04v5dt
JfljwYtSvPI,0,10,/m/04v5dt
tmHLh9sHA4M,0,10,/m/04v5dt
